usage,date
test,2023-12-04 15:58:54.816899
test,2023-12-04 15:59:02.954170
Authentification,2023-12-04 15:59:53.797474
Test,2023-12-04 16:00:57.179493
Authentification,2023-12-04 16:01:25.499618
Authentification,2023-12-04 16:01:48.878198
Test,2023-12-04 16:04:27.911144
Test,2023-12-04 16:04:44.308531
Test,2023-12-04 16:05:22.830776
Test,2023-12-04 16:08:07.748996
Test,2023-12-04 16:10:19.793259
Test,2023-12-04 16:10:38.049572
Test,2023-12-04 16:11:08.986434
Test,2023-12-04 16:11:18.298288
Test,2023-12-04 16:11:57.039007
Test,2023-12-04 16:12:32.913899
Test,2023-12-04 16:12:36.749768
Test,2023-12-04 20:23:57.433110
Token Creation,2023-12-05 09:51:46.664313
Token Creation,2023-12-05 09:52:53.907147
Token Creation,2023-12-05 09:54:02.653755
Token Creation,2023-12-05 09:54:23.009721
Token Creation,2023-12-05 09:55:14.926520
Token Creation,2023-12-05 10:22:45.206344
Token Creation,2023-12-05 10:23:56.297310
Token Creation,2023-12-05 10:29:28.582449
Token Creation,2023-12-05 10:29:34.407310
Token Creation,2023-12-05 10:29:36.780097
Token Creation,2023-12-05 10:29:38.646617
Token Creation,2023-12-05 10:29:40.239110
Token Creation,2023-12-05 10:31:29.695675
Token Creation,2023-12-05 10:31:45.841313
Token Creation,2023-12-05 10:41:54.117305
Token Check,2023-12-05 10:41:54.117305
Token Creation,2023-12-05 10:42:12.122401
Token Check,2023-12-05 10:42:12.125371
Token Creation,2023-12-05 10:44:15.589325
Token Check,2023-12-05 10:44:15.589325
Token Creation,2023-12-05 10:44:28.291337
Token Check,2023-12-05 10:44:28.305844
Token Creation,2023-12-05 10:44:43.031936
Token Check,2023-12-05 10:44:43.036561
Token Creation,2023-12-05 10:45:15.287719
Token Check,2023-12-05 10:45:15.298762
Token Creation,2023-12-05 10:45:50.268481
Token Check,2023-12-05 10:45:50.284112
Token Creation,2023-12-05 10:57:49.227084
Token Creation,2023-12-05 10:57:49.242719
Token Check,2023-12-05 10:57:49.253149
Authentification,2023-12-05 11:24:20.197311
Authentification,2023-12-05 11:25:06.424631
Token Creation,2023-12-05 11:25:06.424631
Authentification,2023-12-05 11:26:35.452415
Token Creation,2023-12-05 11:26:35.454333
Authentification,2023-12-05 11:30:24.962996
Token Creation,2023-12-05 11:30:24.962996
Authentification,2023-12-05 11:31:15.567084
Token Creation,2023-12-05 11:31:15.567084
Authentification,2023-12-05 11:33:49.336044
Token Creation,2023-12-05 11:33:49.336044
Authentification,2023-12-05 11:34:51.303080
Token Creation,2023-12-05 11:34:51.303080
Authentification,2023-12-05 11:36:14.680665
Token Creation,2023-12-05 11:36:14.680665
Authentification,2023-12-05 11:37:54.729158
Token Creation,2023-12-05 11:37:54.729158
Authentification,2023-12-05 11:38:45.089782
Token Creation,2023-12-05 11:38:45.105376
Authentification,2023-12-05 11:40:04.763190
Token Creation,2023-12-05 11:40:04.763190
Authentification,2023-12-05 11:40:43.076172
Token Creation,2023-12-05 11:40:43.091809
Authentification,2023-12-05 11:41:42.887459
Token Creation,2023-12-05 11:41:42.887459
Authentification,2023-12-05 11:42:24.207211
Token Creation,2023-12-05 11:42:24.207211
Authentification,2023-12-05 11:42:40.698827
Token Creation,2023-12-05 11:42:40.698827
Authentification,2023-12-05 11:42:56.087908
Token Creation,2023-12-05 11:42:56.087908
Authentification,2023-12-05 11:43:10.489385
Token Creation,2023-12-05 11:43:10.489385
Authentification,2023-12-05 11:46:43.023483
Token Creation,2023-12-05 11:46:43.039118
Authentification,2023-12-05 11:47:48.287536
Token Creation,2023-12-05 11:47:48.287536
Authentification,2023-12-05 11:52:02.742893
Token Creation,2023-12-05 11:52:02.742893
Token Check,2023-12-05 11:52:02.759410
Authentification,2023-12-05 11:52:52.515643
Token Creation,2023-12-05 11:52:52.515643
Token Check,2023-12-05 11:52:52.524225
Authentification,2023-12-05 11:53:33.105608
Token Creation,2023-12-05 11:53:33.105608
Token Check,2023-12-05 11:53:33.121234
Authentification,2023-12-05 11:54:47.978963
Token Creation,2023-12-05 11:54:47.978963
Token Check,2023-12-05 11:54:47.994588
Authentification,2023-12-05 11:55:56.040646
Token Creation,2023-12-05 11:55:56.040646
Token Check,2023-12-05 11:55:56.040646
Authentification,2023-12-05 11:58:03.487011
Token Creation,2023-12-05 11:58:03.487011
Token Check,2023-12-05 11:58:03.502363
Authentification,2023-12-05 11:59:31.020463
Token Creation,2023-12-05 11:59:31.020463
Token Check,2023-12-05 11:59:31.033398
Authentification,2023-12-09 15:08:39.824055
Token Creation,2023-12-09 15:08:39.837086
Authentification,2023-12-09 15:10:43.005020
Token Creation,2023-12-09 15:10:43.007025
Authentification,2023-12-09 15:11:13.900294
Token Creation,2023-12-09 15:11:13.903379
Authentification,2023-12-09 15:12:46.942192
Token Creation,2023-12-09 15:12:46.944694
Token Check,2023-12-09 15:12:46.954209
Authentification,2023-12-09 15:14:24.227655
Token Creation,2023-12-09 15:14:24.230156
Token Check,2023-12-09 15:14:24.239325
Authentification,2023-12-09 15:14:59.523190
Token Creation,2023-12-09 15:14:59.525192
Token Check,2023-12-09 15:14:59.533556
Authentification,2023-12-09 15:15:48.259282
Token Creation,2023-12-09 15:15:48.261295
Token Check,2023-12-09 15:15:48.271157
Authentification,2023-12-09 15:19:30.826546
Token Creation,2023-12-09 15:19:30.828547
Token Check,2023-12-09 15:19:30.837058
Authentification,2023-12-09 15:21:41.452900
Token Creation,2023-12-09 15:21:41.455401
Token Check,2023-12-09 15:21:41.464931
Authentification,2023-12-09 15:22:59.578644
Token Creation,2023-12-09 15:22:59.580149
Token Check,2023-12-09 15:22:59.588661
Authentification,2023-12-09 15:26:40.703719
Token Creation,2023-12-09 15:26:40.705718
Token Check,2023-12-09 15:26:40.713234
Authentification,2023-12-09 15:27:31.695358
Token Creation,2023-12-09 15:27:31.697368
Token Check,2023-12-09 15:27:31.705671
Authentification,2023-12-09 15:29:08.486198
Token Creation,2023-12-09 15:29:08.488711
Token Check,2023-12-09 15:29:08.496215
Authentification,2023-12-09 15:30:12.268327
Token Creation,2023-12-09 15:30:12.270320
Token Check,2023-12-09 15:30:12.278330
Authentification,2023-12-09 15:32:03.888886
Token Creation,2023-12-09 15:32:03.891383
Token Check,2023-12-09 15:32:03.900371
Authentification,2023-12-09 15:33:56.571669
Token Creation,2023-12-09 15:33:56.574168
Token Check,2023-12-09 15:33:56.583034
Authentification,2023-12-09 15:36:33.767922
Token Creation,2023-12-09 15:36:33.770427
Token Check,2023-12-09 15:36:33.778845
Retrieve Phone Number,2023-12-09 15:36:33.781346
Authentification,2023-12-09 15:38:37.455599
Token Creation,2023-12-09 15:38:37.458599
Token Check,2023-12-09 15:38:37.467612
Retrieve Phone Number,2023-12-09 15:38:37.470610
Authentification,2023-12-09 15:39:47.768316
Token Creation,2023-12-09 15:39:47.771315
Token Check,2023-12-09 15:39:47.779926
Retrieve Phone Number,2023-12-09 15:39:47.782925
Authentification,2023-12-09 15:42:34.093382
Token Creation,2023-12-09 15:42:34.095394
Token Check,2023-12-09 15:42:34.104408
Retrieve Phone Number,2023-12-09 15:42:34.107915
Authentification,2023-12-09 15:43:12.038396
Token Creation,2023-12-09 15:43:12.039897
Token Check,2023-12-09 15:43:12.048507
Retrieve Phone Number,2023-12-09 15:43:12.051003
Authentification,2023-12-09 16:10:08.983602
Token Creation,2023-12-09 16:10:08.985598
Token Check,2023-12-09 16:10:08.994624
Retrieve Phone Number,2023-12-09 16:10:08.997130
Authentification,2023-12-11 08:06:17.059985
Token Creation,2023-12-11 08:06:17.069949
Token Check,2023-12-11 08:06:17.077953
Retrieve Phone Number,2023-12-11 08:06:17.082951
Authentification,2023-12-11 08:07:02.302771
Token Creation,2023-12-11 08:07:02.304769
Token Check,2023-12-11 08:07:02.311770
Retrieve Phone Number,2023-12-11 08:07:02.316771
Authentification,2023-12-11 08:07:11.509816
Token Creation,2023-12-11 08:07:11.510815
Token Check,2023-12-11 08:07:11.516817
Retrieve Phone Number,2023-12-11 08:07:11.520819
Authentification,2023-12-11 08:09:13.335635
Token Creation,2023-12-11 08:09:13.338635
Token Check,2023-12-11 08:09:13.345641
Authentification,2023-12-11 08:11:48.110094
Token Creation,2023-12-11 08:11:48.113100
Token Check,2023-12-11 08:11:48.119099
Outdated Token,2023-12-11 08:23:19.172389
Outdated Token,2023-12-11 08:23:34.656480
Outdated Token,2023-12-11 08:24:08.020023
Outdated Token,2023-12-11 08:26:07.582989
Token Check,2023-12-11 08:26:07.585027
Outdated Token,2023-12-11 08:26:55.661035
Outdated Token,2023-12-11 08:27:03.180295
Outdated Token,2023-12-11 08:27:33.906515
Token Check,2023-12-11 08:27:33.908515
Outdated Token,2023-12-11 08:29:01.042319
Outdated Token,2023-12-11 08:29:10.904976
Outdated Token,2023-12-11 08:30:19.379131
Outdated Token,2023-12-11 08:30:45.219640
Token Check,2023-12-11 08:30:45.221863
Token Check,2023-12-11 08:30:45.224870
Token Check,2023-12-11 08:30:45.227871
Token Check,2023-12-11 08:30:45.229870
Token Check,2023-12-11 08:30:45.232870
Token Check,2023-12-11 08:30:45.235876
Token Check,2023-12-11 08:30:45.238877
Token Check,2023-12-11 08:30:45.241870
Token Check,2023-12-11 08:30:45.243874
Token Check,2023-12-11 08:30:45.248880
Token Check,2023-12-11 08:30:45.251874
Token Check,2023-12-11 08:30:45.254871
Token Check,2023-12-11 08:30:45.258871
Token Check,2023-12-11 08:30:45.260871
Token Check,2023-12-11 08:30:45.264880
Token Check,2023-12-11 08:30:45.266872
Token Check,2023-12-11 08:30:45.269871
Token Check,2023-12-11 08:30:45.272876
Token Check,2023-12-11 08:30:45.275884
Token Check,2023-12-11 08:30:45.280875
Token Check,2023-12-11 08:30:45.283872
Token Check,2023-12-11 08:30:45.286870
Token Check,2023-12-11 08:30:45.288888
Token Check,2023-12-11 08:30:45.293875
Token Check,2023-12-11 08:30:45.296869
Token Check,2023-12-11 08:30:45.300872
Token Check,2023-12-11 08:30:45.302869
Token Check,2023-12-11 08:30:45.305870
Token Check,2023-12-11 08:30:45.308875
Token Check,2023-12-11 08:30:45.312872
Token Check,2023-12-11 08:30:45.315869
Token Check,2023-12-11 08:30:45.318634
Token Check,2023-12-11 08:30:45.322631
Token Check,2023-12-11 08:30:45.324885
Token Check,2023-12-11 08:30:45.328893
Token Check,2023-12-11 08:30:45.334897
Token Check,2023-12-11 08:30:45.337897
Token Check,2023-12-11 08:30:45.340895
Token Check,2023-12-11 08:30:45.343927
Token Check,2023-12-11 08:30:45.347894
Token Check,2023-12-11 08:30:45.350894
Token Check,2023-12-11 08:30:45.354901
Token Check,2023-12-11 08:30:45.357892
Token Check,2023-12-11 08:30:45.360896
Token Check,2023-12-11 08:30:45.363894
Token Check,2023-12-11 08:30:45.366893
Token Check,2023-12-11 08:30:45.370896
Token Check,2023-12-11 08:30:45.373896
Token Check,2023-12-11 08:30:45.378893
Token Check,2023-12-11 08:30:45.382894
Token Check,2023-12-11 08:30:45.386892
Token Check,2023-12-11 08:30:45.390901
Token Check,2023-12-11 08:30:45.393894
Token Check,2023-12-11 08:30:45.398896
Token Check,2023-12-11 08:30:45.402895
Token Check,2023-12-11 08:30:45.405892
Token Check,2023-12-11 08:30:45.409896
Token Check,2023-12-11 08:30:45.412892
Token Check,2023-12-11 08:30:45.415896
Token Check,2023-12-11 08:30:45.419892
Token Check,2023-12-11 08:30:45.422895
Token Check,2023-12-11 08:30:45.425894
Token Check,2023-12-11 08:30:45.428891
Outdated Token,2023-12-11 08:32:03.110946
Token Check,2023-12-11 08:32:03.112982
Token Check,2023-12-11 08:32:03.114947
Token Check,2023-12-11 08:32:03.117949
Token Check,2023-12-11 08:32:03.119948
Token Check,2023-12-11 08:32:03.122948
Token Check,2023-12-11 08:32:03.125950
Token Check,2023-12-11 08:32:03.129153
Token Check,2023-12-11 08:32:03.131673
Token Check,2023-12-11 08:32:03.134671
Token Check,2023-12-11 08:32:03.137671
Token Check,2023-12-11 08:32:03.140671
Token Check,2023-12-11 08:32:03.142670
Token Check,2023-12-11 08:32:03.146674
Token Check,2023-12-11 08:32:03.148671
Token Check,2023-12-11 08:32:03.151676
Token Check,2023-12-11 08:32:03.154671
Token Check,2023-12-11 08:32:03.156672
Token Check,2023-12-11 08:32:03.159682
Token Check,2023-12-11 08:32:03.162673
Token Check,2023-12-11 08:32:03.165679
Token Check,2023-12-11 08:32:03.168670
Token Check,2023-12-11 08:32:03.170670
Token Check,2023-12-11 08:32:03.173676
Token Check,2023-12-11 08:32:03.176672
Token Check,2023-12-11 08:32:03.178670
Token Check,2023-12-11 08:32:03.181675
Token Check,2023-12-11 08:32:03.184670
Token Check,2023-12-11 08:32:03.186677
Token Check,2023-12-11 08:32:03.189670
Token Check,2023-12-11 08:32:03.192673
Token Check,2023-12-11 08:32:03.196670
Token Check,2023-12-11 08:32:03.198673
Token Check,2023-12-11 08:32:03.202675
Token Check,2023-12-11 08:32:03.205671
Token Check,2023-12-11 08:32:03.207673
Token Check,2023-12-11 08:32:03.211675
Token Check,2023-12-11 08:32:03.214677
Token Check,2023-12-11 08:32:03.218673
Token Check,2023-12-11 08:32:03.221671
Token Check,2023-12-11 08:32:03.225669
Token Check,2023-12-11 08:32:03.227669
Token Check,2023-12-11 08:32:03.230680
Token Check,2023-12-11 08:32:03.232672
Token Check,2023-12-11 08:32:03.235672
Token Check,2023-12-11 08:32:03.239673
Token Check,2023-12-11 08:32:03.241670
Token Check,2023-12-11 08:32:03.244675
Token Check,2023-12-11 08:32:03.246669
Token Check,2023-12-11 08:32:03.248670
Token Check,2023-12-11 08:32:03.252671
Token Check,2023-12-11 08:32:03.254669
Token Check,2023-12-11 08:32:03.258676
Token Check,2023-12-11 08:32:03.260669
Token Check,2023-12-11 08:32:03.262669
Token Check,2023-12-11 08:32:03.266670
Token Check,2023-12-11 08:32:03.268672
Token Check,2023-12-11 08:32:03.271673
Token Check,2023-12-11 08:32:03.274672
Token Check,2023-12-11 08:32:03.276668
Token Check,2023-12-11 08:32:03.279671
Token Check,2023-12-11 08:32:03.281669
Token Check,2023-12-11 08:32:03.286683
Token Check,2023-12-11 08:32:03.290669
Outdated Token,2023-12-11 08:32:10.437411
Token Check,2023-12-11 08:32:10.439416
Token Check,2023-12-11 08:32:10.441873
Token Check,2023-12-11 08:32:10.443874
Token Check,2023-12-11 08:32:10.445873
Token Check,2023-12-11 08:32:10.447874
Token Check,2023-12-11 08:32:10.450874
Token Check,2023-12-11 08:32:10.453874
Token Check,2023-12-11 08:32:10.456874
Token Check,2023-12-11 08:32:10.459874
Token Check,2023-12-11 08:32:10.461873
Token Check,2023-12-11 08:32:10.464874
Token Check,2023-12-11 08:32:10.467872
Token Check,2023-12-11 08:32:10.469874
Token Check,2023-12-11 08:32:10.473875
Token Check,2023-12-11 08:32:10.475873
Token Check,2023-12-11 08:32:10.477874
Token Check,2023-12-11 08:32:10.481873
Token Check,2023-12-11 08:32:10.483873
Token Check,2023-12-11 08:32:10.487873
Token Check,2023-12-11 08:32:10.489875
Token Check,2023-12-11 08:32:10.492880
Token Check,2023-12-11 08:32:10.495874
Token Check,2023-12-11 08:32:10.497878
Token Check,2023-12-11 08:32:10.500874
Token Check,2023-12-11 08:32:10.504880
Token Check,2023-12-11 08:32:10.507878
Token Check,2023-12-11 08:32:10.510874
Token Check,2023-12-11 08:32:10.513883
Token Check,2023-12-11 08:32:10.516874
Token Check,2023-12-11 08:32:10.518876
Token Check,2023-12-11 08:32:10.522874
Token Check,2023-12-11 08:32:10.524874
Token Check,2023-12-11 08:32:10.527880
Token Check,2023-12-11 08:32:10.530872
Token Check,2023-12-11 08:32:10.532875
Token Check,2023-12-11 08:32:10.537871
Token Check,2023-12-11 08:32:10.539886
Token Check,2023-12-11 08:32:10.542878
Token Check,2023-12-11 08:32:10.545876
Token Check,2023-12-11 08:32:10.548874
Token Check,2023-12-11 08:32:10.551873
Token Check,2023-12-11 08:32:10.553874
Token Check,2023-12-11 08:32:10.556873
Token Check,2023-12-11 08:32:10.558872
Token Check,2023-12-11 08:32:10.560888
Token Check,2023-12-11 08:32:10.563876
Token Check,2023-12-11 08:32:10.565873
Token Check,2023-12-11 08:32:10.568874
Token Check,2023-12-11 08:32:10.571874
Token Check,2023-12-11 08:32:10.573874
Token Check,2023-12-11 08:32:10.576879
Token Check,2023-12-11 08:32:10.578888
Token Check,2023-12-11 08:32:10.581872
Token Check,2023-12-11 08:32:10.584874
Token Check,2023-12-11 08:32:10.586872
Token Check,2023-12-11 08:32:10.588873
Token Check,2023-12-11 08:32:10.591875
Token Check,2023-12-11 08:32:10.593873
Token Check,2023-12-11 08:32:10.596880
Token Check,2023-12-11 08:32:10.599874
Token Check,2023-12-11 08:32:10.601885
Token Check,2023-12-11 08:32:10.603874
Token Check,2023-12-11 08:32:10.606873
Outdated Token,2023-12-11 08:33:42.235195
Token Check,2023-12-11 08:33:42.237198
Token Check,2023-12-11 08:33:42.239195
Token Check,2023-12-11 08:33:42.242202
Token Check,2023-12-11 08:33:42.245195
Token Check,2023-12-11 08:33:42.247202
Token Check,2023-12-11 08:33:42.251196
Token Check,2023-12-11 08:33:42.254199
Token Check,2023-12-11 08:33:42.260200
Token Check,2023-12-11 08:33:42.265197
Token Check,2023-12-11 08:33:42.267197
Token Check,2023-12-11 08:33:42.271197
Token Check,2023-12-11 08:33:42.274196
Token Check,2023-12-11 08:33:42.278198
Token Check,2023-12-11 08:33:42.283203
Token Check,2023-12-11 08:33:42.288199
Token Check,2023-12-11 08:33:42.292199
Token Check,2023-12-11 08:33:42.295197
Token Check,2023-12-11 08:33:42.300198
Token Check,2023-12-11 08:33:42.302195
Token Check,2023-12-11 08:33:42.306198
Token Check,2023-12-11 08:33:42.308194
Token Check,2023-12-11 08:33:42.311195
Token Check,2023-12-11 08:33:42.315196
Token Check,2023-12-11 08:33:42.320200
Token Check,2023-12-11 08:33:42.324199
Token Check,2023-12-11 08:33:42.329196
Token Check,2023-12-11 08:33:42.331373
Token Check,2023-12-11 08:33:42.337374
Token Check,2023-12-11 08:33:42.351372
Token Check,2023-12-11 08:33:42.355374
Token Check,2023-12-11 08:33:42.357421
Token Check,2023-12-11 08:33:42.361376
Token Check,2023-12-11 08:33:42.363370
Token Check,2023-12-11 08:33:42.365372
Token Check,2023-12-11 08:33:42.370369
Token Check,2023-12-11 08:33:42.374370
Token Check,2023-12-11 08:33:42.376372
Token Check,2023-12-11 08:33:42.378371
Token Check,2023-12-11 08:33:42.382372
Token Check,2023-12-11 08:33:42.384369
Token Check,2023-12-11 08:33:42.386376
Token Check,2023-12-11 08:33:42.389373
Token Check,2023-12-11 08:33:42.391383
Token Check,2023-12-11 08:33:42.393371
Token Check,2023-12-11 08:33:42.398383
Token Check,2023-12-11 08:33:42.400373
Token Check,2023-12-11 08:33:42.404372
Token Check,2023-12-11 08:33:42.406370
Token Check,2023-12-11 08:33:42.409383
Token Check,2023-12-11 08:33:42.411371
Token Check,2023-12-11 08:33:42.413382
Token Check,2023-12-11 08:33:42.416374
Token Check,2023-12-11 08:33:42.420371
Token Check,2023-12-11 08:33:42.423376
Token Check,2023-12-11 08:33:42.425372
Token Check,2023-12-11 08:33:42.427372
Token Check,2023-12-11 08:33:42.431613
Token Check,2023-12-11 08:33:42.433621
Token Check,2023-12-11 08:33:42.437621
Token Check,2023-12-11 08:33:42.440620
Token Check,2023-12-11 08:33:42.442619
Token Check,2023-12-11 08:33:42.445622
Token Check,2023-12-11 08:33:42.448711
Outdated Token,2023-12-11 08:36:45.916585
Token Check,2023-12-11 08:36:45.919553
Token Check,2023-12-11 08:36:45.925476
Token Check,2023-12-11 08:36:45.933708
Token Check,2023-12-11 08:36:45.941713
Token Check,2023-12-11 08:36:45.950735
Token Check,2023-12-11 08:36:45.957718
Token Check,2023-12-11 08:36:45.965235
Token Check,2023-12-11 08:36:45.973114
Token Check,2023-12-11 08:36:45.980113
Token Check,2023-12-11 08:36:45.988852
Token Check,2023-12-11 08:36:45.996856
Token Check,2023-12-11 08:36:46.006854
Token Check,2023-12-11 08:36:46.016854
Token Check,2023-12-11 08:36:46.026857
Token Check,2023-12-11 08:36:46.036855
Token Check,2023-12-11 08:36:46.046863
Token Check,2023-12-11 08:36:46.057867
Token Check,2023-12-11 08:36:46.070175
Token Check,2023-12-11 08:36:46.082176
Token Check,2023-12-11 08:36:46.091172
Token Check,2023-12-11 08:36:46.101189
Token Check,2023-12-11 08:36:46.113170
Token Check,2023-12-11 08:36:46.123176
Token Check,2023-12-11 08:36:46.136177
Token Check,2023-12-11 08:36:46.145194
Token Check,2023-12-11 08:36:46.154339
Token Check,2023-12-11 08:36:46.162344
Token Check,2023-12-11 08:36:46.171760
Token Check,2023-12-11 08:36:46.179759
Token Check,2023-12-11 08:36:46.186761
Token Check,2023-12-11 08:36:46.194760
Token Check,2023-12-11 08:36:46.201759
Token Check,2023-12-11 08:36:46.210764
Token Check,2023-12-11 08:36:46.214759
Token Check,2023-12-11 08:36:46.221759
Token Check,2023-12-11 08:36:46.233791
Token Check,2023-12-11 08:36:46.241785
Token Check,2023-12-11 08:36:46.250795
Token Check,2023-12-11 08:36:46.258229
Token Check,2023-12-11 08:36:46.266753
Token Check,2023-12-11 08:36:46.276756
Token Check,2023-12-11 08:36:46.283776
Token Check,2023-12-11 08:36:46.292373
Token Check,2023-12-11 08:36:46.301150
Token Check,2023-12-11 08:36:46.311167
Token Check,2023-12-11 08:36:46.318165
Token Check,2023-12-11 08:36:46.326575
Token Check,2023-12-11 08:36:46.334574
Token Check,2023-12-11 08:36:46.341997
Token Check,2023-12-11 08:36:46.351007
Token Check,2023-12-11 08:36:46.359005
Token Check,2023-12-11 08:36:46.366940
Token Check,2023-12-11 08:36:46.375609
Token Check,2023-12-11 08:36:46.383607
Token Check,2023-12-11 08:36:46.392612
Token Check,2023-12-11 08:36:46.400739
Token Check,2023-12-11 08:36:46.409735
Token Check,2023-12-11 08:36:46.413733
Token Check,2023-12-11 08:36:46.421764
Token Check,2023-12-11 08:36:46.429762
Token Check,2023-12-11 08:36:46.432763
Token Check,2023-12-11 08:36:46.439790
Token Check,2023-12-11 08:36:46.449164
Outdated Token,2023-12-11 08:39:29.703610
Token Check,2023-12-11 08:39:29.706141
Token Check,2023-12-11 08:39:29.708141
Token Check,2023-12-11 08:39:29.710142
Outdated Token,2023-12-11 08:39:38.083417
Token Check,2023-12-11 08:39:38.084722
Token Check,2023-12-11 08:39:38.086722
Token Check,2023-12-11 08:39:38.088722
Outdated Token,2023-12-11 08:40:27.166251
Token Check,2023-12-11 08:40:27.167764
Token Check,2023-12-11 08:40:27.170765
Token Check,2023-12-11 08:40:27.172765
Outdated Token,2023-12-11 08:40:34.582370
Token Check,2023-12-11 08:40:34.583619
Token Check,2023-12-11 08:40:34.585619
Token Check,2023-12-11 08:40:34.586618
Outdated Token,2023-12-11 08:43:41.318564
Token Check,2023-12-11 08:43:41.321361
Token Check,2023-12-11 08:43:41.325365
Token Check,2023-12-11 08:43:41.327505
Authentification,2023-12-11 08:44:03.766351
Token Creation,2023-12-11 08:44:03.767351
Token Check,2023-12-11 08:44:03.773354
Retrieve Phone Number,2023-12-11 08:44:03.777352
Outdated Token,2023-12-11 08:53:01.553745
Token Check,2023-12-11 08:53:01.560746
Token Check,2023-12-11 08:53:01.563776
Token Check,2023-12-11 08:53:01.565775
Token Check,2023-12-11 08:53:01.567778
Outdated Token,2023-12-11 08:53:06.564102
Token Check,2023-12-11 08:53:06.571105
Token Check,2023-12-11 08:53:06.575079
Token Check,2023-12-11 08:53:06.578076
Token Check,2023-12-11 08:53:06.580078
Outdated Token,2023-12-11 08:53:11.566149
Token Check,2023-12-11 08:53:11.572864
Token Check,2023-12-11 08:53:11.579851
Token Check,2023-12-11 08:53:11.582852
Token Check,2023-12-11 08:53:11.584853
Authentification,2023-12-22 08:35:10.652655
Token Creation,2023-12-22 08:35:10.661656
Add client IP,2023-12-22 08:35:10.667231
Token Check,2023-12-22 08:35:10.675245
Retrieve Phone Number,2023-12-22 08:35:10.679229
Outdated Token,2023-12-22 08:36:02.301574
Token Check,2023-12-22 08:36:02.303549
Token Check,2023-12-22 08:36:02.316154
Token Check,2023-12-22 08:36:02.323284
Token Check,2023-12-22 08:36:02.326287
Token Check,2023-12-22 08:36:02.333286
Authentification,2023-12-22 08:37:02.553371
Token Creation,2023-12-22 08:37:02.556371
Add client IP,2023-12-22 08:37:02.561377
Token Check,2023-12-22 08:37:02.567371
Retrieve Phone Number,2023-12-22 08:37:02.571372
Outdated Token,2023-12-22 08:37:58.246790
Token Check,2023-12-22 08:37:58.249809
Token Check,2023-12-22 08:37:58.251797
Authentification,2023-12-22 08:40:22.947132
Token Creation,2023-12-22 08:40:22.950110
Add client IP,2023-12-22 08:40:22.955112
Token Check,2023-12-22 08:40:22.962121
Retrieve Phone Number,2023-12-22 08:40:22.966116
Client logout,2023-12-22 08:40:22.969110
Authentification,2023-12-22 08:40:51.586631
Token Creation,2023-12-22 08:40:51.589631
Add client IP,2023-12-22 08:40:51.594632
Token Check,2023-12-22 08:40:51.600630
Retrieve Phone Number,2023-12-22 08:40:51.604634
Client logout,2023-12-22 08:40:51.607633
Authentification,2023-12-22 08:41:41.881604
Token Creation,2023-12-22 08:41:41.884609
Add client IP,2023-12-22 08:41:41.889614
Token Check,2023-12-22 08:41:41.896609
Retrieve Phone Number,2023-12-22 08:41:41.900610
Client logout,2023-12-22 08:41:41.903610
Authentification,2023-12-22 08:42:11.864728
Token Creation,2023-12-22 08:42:11.867728
Add client IP,2023-12-22 08:42:11.872731
Token Check,2023-12-22 08:42:11.879731
Retrieve Phone Number,2023-12-22 08:42:11.883733
Client logout,2023-12-22 08:42:11.886732
Outdated Token,2023-12-22 08:43:08.782308
Token Check,2023-12-22 08:43:08.789292
Token Check,2023-12-22 08:43:08.800290
Token Check,2023-12-22 08:43:08.807278
Token Check,2023-12-22 08:43:08.811281
Token Check,2023-12-22 08:43:08.815281
Token Check,2023-12-22 08:43:08.817279
Outdated Token,2023-12-22 08:44:08.798253
Token Check,2023-12-22 08:44:08.804256
Token Check,2023-12-22 08:44:08.807234
Token Check,2023-12-22 08:44:08.810234
Token Check,2023-12-22 08:44:08.812236
Token Check,2023-12-22 08:44:08.815237
Token Check,2023-12-22 08:44:08.818237
Authentification,2023-12-22 09:27:11.138712
Token Creation,2023-12-22 09:27:11.141831
Add client IP,2023-12-22 09:27:11.145840
Outdated Token,2023-12-22 09:27:49.739568
Token Check,2023-12-22 09:27:49.741977
Token Check,2023-12-22 09:27:49.744979
Token Check,2023-12-22 09:27:49.746979
Token Check,2023-12-22 09:27:49.749980
Token Check,2023-12-22 09:27:49.752980
Token Check,2023-12-22 09:27:49.755983
Token Check,2023-12-22 09:27:49.758978
Outdated Token,2023-12-22 09:28:49.740210
Token Check,2023-12-22 09:28:49.741646
Token Check,2023-12-22 09:28:49.743647
Token Check,2023-12-22 09:28:49.745646
Token Check,2023-12-22 09:28:49.747646
Token Check,2023-12-22 09:28:49.749646
Token Check,2023-12-22 09:28:49.752651
Token Check,2023-12-22 09:28:49.755647
Outdated Token,2023-12-22 09:29:49.756789
Token Check,2023-12-22 09:29:49.763835
Token Check,2023-12-22 09:29:49.774823
Token Check,2023-12-22 09:29:49.781809
Token Check,2023-12-22 09:29:49.788312
Token Check,2023-12-22 09:29:49.792326
Token Check,2023-12-22 09:29:49.795322
Token Check,2023-12-22 09:29:49.797321
Authentification,2023-12-22 09:30:26.551134
Token Creation,2023-12-22 09:30:26.553132
Add client IP,2023-12-22 09:30:26.558134
Outdated Token,2023-12-22 09:30:49.762720
Token Check,2023-12-22 09:30:49.772761
Token Check,2023-12-22 09:30:49.778747
Token Check,2023-12-22 09:30:49.783256
Token Check,2023-12-22 09:30:49.787268
Token Check,2023-12-22 09:30:49.791264
Token Check,2023-12-22 09:30:49.794265
Token Check,2023-12-22 09:30:49.797266
Token Check,2023-12-22 09:30:49.799261
Authentification,2023-12-22 09:31:03.425727
Token Creation,2023-12-22 09:31:03.427735
Add client IP,2023-12-22 09:31:03.432737
Authentification,2023-12-22 09:31:37.747177
Token Creation,2023-12-22 09:31:37.749178
Add client IP,2023-12-22 09:31:37.755182
Client logout,2023-12-22 09:31:37.763196
Outdated Token,2023-12-22 09:31:49.765347
Token Check,2023-12-22 09:31:49.768355
Token Check,2023-12-22 09:31:49.771355
Token Check,2023-12-22 09:31:49.773357
Token Check,2023-12-22 09:31:49.777355
Token Check,2023-12-22 09:31:49.779710
Token Check,2023-12-22 09:31:49.782712
Token Check,2023-12-22 09:31:49.789711
Token Check,2023-12-22 09:31:49.792717
Token Check,2023-12-22 09:31:49.795712
Token Check,2023-12-22 09:31:49.798713
Outdated Token,2023-12-22 09:32:49.779706
Token Check,2023-12-22 09:32:49.782602
Token Check,2023-12-22 09:32:49.784605
Token Check,2023-12-22 09:32:49.787605
Token Check,2023-12-22 09:32:49.789604
Token Check,2023-12-22 09:32:49.791603
Token Check,2023-12-22 09:32:49.793603
Token Check,2023-12-22 09:32:49.795605
Token Check,2023-12-22 09:32:49.798604
Token Check,2023-12-22 09:32:49.802605
Token Check,2023-12-22 09:32:49.804605
Outdated Token,2023-12-22 09:33:49.780480
Token Check,2023-12-22 09:33:49.783488
Token Check,2023-12-22 09:33:49.785536
Token Check,2023-12-22 09:33:49.787490
Token Check,2023-12-22 09:33:49.789492
Token Check,2023-12-22 09:33:49.791495
Token Check,2023-12-22 09:33:49.793489
Token Check,2023-12-22 09:33:49.796490
Token Check,2023-12-22 09:33:49.798491
Token Check,2023-12-22 09:33:49.802492
Token Check,2023-12-22 09:33:49.804493
Outdated Token,2023-12-22 09:34:49.795561
Token Check,2023-12-22 09:34:49.800033
Token Check,2023-12-22 09:34:49.804028
Token Check,2023-12-22 09:34:49.806031
Token Check,2023-12-22 09:34:49.809029
Token Check,2023-12-22 09:34:49.811027
Token Check,2023-12-22 09:34:49.814029
Token Check,2023-12-22 09:34:49.816029
Token Check,2023-12-22 09:34:49.820028
Token Check,2023-12-22 09:34:49.823030
Token Check,2023-12-22 09:34:49.826031
Outdated Token,2023-12-22 09:35:49.810650
Token Check,2023-12-22 09:35:49.812015
Token Check,2023-12-22 09:35:49.813936
Token Check,2023-12-22 09:35:49.815944
Token Check,2023-12-22 09:35:49.818942
Token Check,2023-12-22 09:35:49.820947
Token Check,2023-12-22 09:35:49.823943
Token Check,2023-12-22 09:35:49.824942
Token Check,2023-12-22 09:35:49.827946
Token Check,2023-12-22 09:35:49.830942
Token Check,2023-12-22 09:35:49.832945
Outdated Token,2023-12-22 09:36:49.817720
Token Check,2023-12-22 09:36:49.821730
Token Check,2023-12-22 09:36:49.823401
Token Check,2023-12-22 09:36:49.825402
Token Check,2023-12-22 09:36:49.828402
Token Check,2023-12-22 09:36:49.830402
Token Check,2023-12-22 09:36:49.832399
Token Check,2023-12-22 09:36:49.836401
Token Check,2023-12-22 09:36:49.839402
Token Check,2023-12-22 09:36:49.842403
Token Check,2023-12-22 09:36:49.844401
Outdated Token,2023-12-22 09:37:49.835092
Token Check,2023-12-22 09:37:49.841683
Token Check,2023-12-22 09:37:49.844670
Token Check,2023-12-22 09:37:49.847670
Token Check,2023-12-22 09:37:49.849671
Token Check,2023-12-22 09:37:49.851669
Token Check,2023-12-22 09:37:49.858670
Token Check,2023-12-22 09:37:49.860671
Token Check,2023-12-22 09:37:49.863670
Token Check,2023-12-22 09:37:49.865671
Token Check,2023-12-22 09:37:49.868672
Outdated Token,2023-12-22 09:38:49.835573
Token Check,2023-12-22 09:38:49.836851
Token Check,2023-12-22 09:38:49.839852
Token Check,2023-12-22 09:38:49.841852
Token Check,2023-12-22 09:38:49.843850
Token Check,2023-12-22 09:38:49.845853
Token Check,2023-12-22 09:38:49.847852
Token Check,2023-12-22 09:38:49.850856
Token Check,2023-12-22 09:38:49.852852
Token Check,2023-12-22 09:38:49.855852
Token Check,2023-12-22 09:38:49.857851
Outdated Token,2023-12-22 09:39:49.849835
Token Check,2023-12-22 09:39:49.852844
Token Check,2023-12-22 09:39:49.854845
Token Check,2023-12-22 09:39:49.856847
Token Check,2023-12-22 09:39:49.858845
Token Check,2023-12-22 09:39:49.860848
Token Check,2023-12-22 09:39:49.863847
Token Check,2023-12-22 09:39:49.866850
Token Check,2023-12-22 09:39:49.869845
Token Check,2023-12-22 09:39:49.871843
Token Check,2023-12-22 09:39:49.873850
Outdated Token,2023-12-22 09:40:49.859628
Token Check,2023-12-22 09:40:49.862733
Token Check,2023-12-22 09:40:49.865579
Token Check,2023-12-22 09:40:49.867582
Token Check,2023-12-22 09:40:49.869586
Token Check,2023-12-22 09:40:49.872581
Token Check,2023-12-22 09:40:49.875597
Token Check,2023-12-22 09:40:49.877581
Token Check,2023-12-22 09:40:49.879582
Token Check,2023-12-22 09:40:49.882580
Token Check,2023-12-22 09:40:49.884581
Outdated Token,2023-12-22 09:41:49.859888
Token Check,2023-12-22 09:41:49.861564
Token Check,2023-12-22 09:41:49.863562
Token Check,2023-12-22 09:41:49.865564
Token Check,2023-12-22 09:41:49.868564
Token Check,2023-12-22 09:41:49.870562
Token Check,2023-12-22 09:41:49.872564
Token Check,2023-12-22 09:41:49.874563
Token Check,2023-12-22 09:41:49.876563
Token Check,2023-12-22 09:41:49.878563
Token Check,2023-12-22 09:41:49.881564
Outdated Token,2023-12-22 09:42:49.873371
Token Check,2023-12-22 09:42:49.876374
Token Check,2023-12-22 09:42:49.878372
Token Check,2023-12-22 09:42:49.881375
Token Check,2023-12-22 09:42:49.883376
Token Check,2023-12-22 09:42:49.885376
Token Check,2023-12-22 09:42:49.889376
Token Check,2023-12-22 09:42:49.891377
Token Check,2023-12-22 09:42:49.894377
Token Check,2023-12-22 09:42:49.896374
Token Check,2023-12-22 09:42:49.899374
Outdated Token,2023-12-22 09:43:49.884731
Token Check,2023-12-22 09:43:49.888744
Token Check,2023-12-22 09:43:49.890956
Token Check,2023-12-22 09:43:49.893955
Token Check,2023-12-22 09:43:49.895957
Token Check,2023-12-22 09:43:49.901954
Token Check,2023-12-22 09:43:49.903956
Token Check,2023-12-22 09:43:49.905955
Token Check,2023-12-22 09:43:49.908958
Token Check,2023-12-22 09:43:49.910956
Token Check,2023-12-22 09:43:49.914958
Outdated Token,2023-12-22 09:44:49.891875
Token Check,2023-12-22 09:44:49.893876
Token Check,2023-12-22 09:44:49.895876
Token Check,2023-12-22 09:44:49.898876
Token Check,2023-12-22 09:44:49.900879
Token Check,2023-12-22 09:44:49.903875
Token Check,2023-12-22 09:44:49.905876
Token Check,2023-12-22 09:44:49.908880
Token Check,2023-12-22 09:44:49.910876
Token Check,2023-12-22 09:44:49.913878
Token Check,2023-12-22 09:44:49.916877
Outdated Token,2023-12-22 09:45:49.904356
Token Check,2023-12-22 09:45:49.911998
Token Check,2023-12-22 09:45:49.923052
Token Check,2023-12-22 09:45:49.927007
Token Check,2023-12-22 09:45:49.930003
Token Check,2023-12-22 09:45:49.931507
Token Check,2023-12-22 09:45:49.933517
Token Check,2023-12-22 09:45:49.936513
Token Check,2023-12-22 09:45:49.939522
Token Check,2023-12-22 09:45:49.942516
Token Check,2023-12-22 09:45:49.944514
Outdated Token,2023-12-22 09:46:49.905751
Token Check,2023-12-22 09:46:49.907751
Token Check,2023-12-22 09:46:49.910235
Token Check,2023-12-22 09:46:49.912242
Token Check,2023-12-22 09:46:49.914241
Token Check,2023-12-22 09:46:49.916241
Token Check,2023-12-22 09:46:49.918241
Token Check,2023-12-22 09:46:49.921248
Token Check,2023-12-22 09:46:49.923248
Token Check,2023-12-22 09:46:49.925250
Token Check,2023-12-22 09:46:49.928249
Outdated Token,2023-12-22 09:47:49.917009
Token Check,2023-12-22 09:47:49.919011
Token Check,2023-12-22 09:47:49.921008
Token Check,2023-12-22 09:47:49.924009
Token Check,2023-12-22 09:47:49.927015
Token Check,2023-12-22 09:47:49.929015
Token Check,2023-12-22 09:47:49.931017
Token Check,2023-12-22 09:47:49.934015
Token Check,2023-12-22 09:47:49.936017
Token Check,2023-12-22 09:47:49.940344
Token Check,2023-12-22 09:47:49.942343
Authentification,2023-12-23 16:39:26.641554
Token Creation,2023-12-23 16:39:26.652706
Add client IP,2023-12-23 16:39:26.660398
Client logout,2023-12-23 16:39:26.669930
Outdated Token,2023-12-23 16:50:50.921031
Token Check,2023-12-23 16:50:50.923032
Token Check,2023-12-23 16:50:50.930534
Token Check,2023-12-23 16:50:50.938276
Token Check,2023-12-23 16:50:50.946277
Token Check,2023-12-23 16:50:50.954775
Token Check,2023-12-23 16:50:50.963776
Token Check,2023-12-23 16:50:50.971774
Token Check,2023-12-23 16:50:50.974777
Token Check,2023-12-23 16:50:50.982774
Token Check,2023-12-23 16:50:50.992275
Token Check,2023-12-23 16:50:51.001277
Outdated Token,2023-12-23 16:51:57.644300
Token Check,2023-12-23 16:51:57.646297
Outdated Token,2023-12-26 14:10:32.060367
Token Check,2023-12-26 14:10:32.070380
Outdated Token,2023-12-26 14:11:32.073918
Authentification,2023-12-26 14:14:16.783641
Token Creation,2023-12-26 14:14:16.785642
Add client IP,2023-12-26 14:14:16.792896
Client logout,2023-12-26 14:14:16.802398
Authentification,2024-01-09 10:49:33.594798
Token Creation,2024-01-09 10:49:33.608989
Add client IP,2024-01-09 10:49:33.616951
Client logout,2024-01-09 10:49:33.628918
Authentification,2024-01-09 10:49:43.727555
Token Creation,2024-01-09 10:49:43.732494
Add client IP,2024-01-09 10:49:43.743731
Client logout,2024-01-09 10:49:43.755739
Outdated Token,2024-01-09 10:50:23.016170
Token Check,2024-01-09 10:50:23.026139
Token Check,2024-01-09 10:50:23.046087
Token Check,2024-01-09 10:50:23.059591
Token Check,2024-01-09 10:50:23.074043
Token Check,2024-01-09 10:50:23.085103
Token Check,2024-01-09 10:50:23.096071
Token Check,2024-01-09 10:50:23.105047
Token Check,2024-01-09 10:50:23.110033
Token Check,2024-01-09 10:50:23.115021
Token Check,2024-01-09 10:50:23.125087
Token Check,2024-01-09 10:50:23.135060
Token Check,2024-01-09 10:50:23.145002
Outdated Token,2024-01-09 10:51:23.023875
Token Check,2024-01-09 10:51:23.036874
Token Check,2024-01-09 10:51:23.047840
Authentification,2024-01-09 10:51:52.936905
Token Creation,2024-01-09 10:51:52.940592
Add client IP,2024-01-09 10:51:52.950153
Retrieve contacts,2024-01-09 10:51:52.960621
Outdated Token,2024-01-09 10:52:23.037684
Token Check,2024-01-09 10:52:23.042773
Token Check,2024-01-09 10:52:23.051633
Token Check,2024-01-09 10:52:23.060608
Outdated Token,2024-01-09 10:53:23.045116
Token Check,2024-01-09 10:53:23.053940
Token Check,2024-01-09 10:53:23.068316
Token Check,2024-01-09 10:53:23.080286
Outdated Token,2024-01-09 10:54:23.059247
Token Check,2024-01-09 10:54:23.067839
Token Check,2024-01-09 10:54:23.080439
Token Check,2024-01-09 10:54:23.093411
Outdated Token,2024-01-09 10:55:23.060611
Token Check,2024-01-09 10:55:23.070014
Token Check,2024-01-09 10:55:23.079159
Token Check,2024-01-09 10:55:23.088350
Outdated Token,2024-01-09 10:56:23.072718
Token Check,2024-01-09 10:56:23.081694
Token Check,2024-01-09 10:56:23.094621
Token Check,2024-01-09 10:56:23.107282
Outdated Token,2024-01-09 10:57:23.085477
Token Check,2024-01-09 10:57:23.094454
Token Check,2024-01-09 10:57:23.107205
Token Check,2024-01-09 10:57:23.116182
Outdated Token,2024-01-09 10:58:23.086980
Token Check,2024-01-09 10:58:23.096953
Token Check,2024-01-09 10:58:23.109918
Token Check,2024-01-09 10:58:23.120888
Authentification,2024-01-09 10:58:44.703931
Token Creation,2024-01-09 10:58:44.708249
Add client IP,2024-01-09 10:58:44.719224
Authentification,2024-01-09 11:01:57.390301
Token Creation,2024-01-09 11:01:57.395662
Add client IP,2024-01-09 11:01:57.406571
Retrieve contacts,2024-01-09 11:01:57.419435
Client logout,2024-01-09 11:02:02.437210
Outdated Token,2024-01-09 11:02:53.151528
Token Check,2024-01-09 11:02:53.157519
Token Check,2024-01-09 11:02:53.164494
Token Check,2024-01-09 11:02:53.171479
Token Check,2024-01-09 11:02:53.177458
Token Check,2024-01-09 11:02:53.185437
Authentification,2024-01-09 11:03:43.733593
Token Creation,2024-01-09 11:03:43.737497
Add client IP,2024-01-09 11:03:43.748439
Retrieve contacts,2024-01-09 11:03:43.763100
Client logout,2024-01-09 11:03:48.774984
Outdated Token,2024-01-09 11:03:53.158041
Token Check,2024-01-09 11:03:53.166019
Token Check,2024-01-09 11:03:53.171005
Token Check,2024-01-09 11:03:53.175990
Token Check,2024-01-09 11:03:53.181977
Token Check,2024-01-09 11:03:53.187961
Token Check,2024-01-09 11:03:53.193943
Authentification,2024-01-09 11:04:29.430169
Token Creation,2024-01-09 11:04:29.434443
Add client IP,2024-01-09 11:04:29.446030
Retrieve contacts,2024-01-09 11:04:29.456062
Client logout,2024-01-09 11:04:34.471586
Outdated Token,2024-01-09 11:04:53.162085
Token Check,2024-01-09 11:04:53.173626
Token Check,2024-01-09 11:04:53.187590
Token Check,2024-01-09 11:04:53.201460
Token Check,2024-01-09 11:04:53.209440
Token Check,2024-01-09 11:04:53.220408
Token Check,2024-01-09 11:04:53.227496
Token Check,2024-01-09 11:04:53.235480
Outdated Token,2024-01-09 11:05:53.166215
Token Check,2024-01-09 11:05:53.174935
Token Check,2024-01-09 11:05:53.191891
Token Check,2024-01-09 11:05:53.204852
Token Check,2024-01-09 11:05:53.212831
Token Check,2024-01-09 11:05:53.218815
Token Check,2024-01-09 11:05:53.225799
Token Check,2024-01-09 11:05:53.232779
Outdated Token,2024-01-09 11:06:53.180326
Token Check,2024-01-09 11:06:53.188968
Token Check,2024-01-09 11:06:53.202923
Token Check,2024-01-09 11:06:53.214890
Token Check,2024-01-09 11:06:53.221872
Token Check,2024-01-09 11:06:53.230847
Token Check,2024-01-09 11:06:53.235833
Token Check,2024-01-09 11:06:53.240501
Outdated Token,2024-01-09 11:07:53.217653
Token Check,2024-01-09 11:07:53.225632
Token Check,2024-01-09 11:07:53.265525
Token Check,2024-01-09 11:07:53.302536
Token Check,2024-01-09 11:07:53.339714
Token Check,2024-01-09 11:07:53.354677
Token Check,2024-01-09 11:07:53.362652
Token Check,2024-01-09 11:07:53.373814
Outdated Token,2024-01-09 11:08:53.217348
Token Check,2024-01-09 11:08:53.221359
Token Check,2024-01-09 11:08:53.235319
Token Check,2024-01-09 11:08:53.239309
Token Check,2024-01-09 11:08:53.249281
Token Check,2024-01-09 11:08:53.256263
Token Check,2024-01-09 11:08:53.268232
Token Check,2024-01-09 11:08:53.273217
Authentification,2024-01-09 11:09:05.065866
Token Creation,2024-01-09 11:09:05.070239
Add client IP,2024-01-09 11:09:05.080814
Retrieve contacts,2024-01-09 11:09:05.093675
Client logout,2024-01-09 11:09:10.106544
Outdated Token,2024-01-09 11:09:53.229701
Token Check,2024-01-09 11:09:53.241403
Token Check,2024-01-09 11:09:53.254328
Token Check,2024-01-09 11:09:53.267168
Token Check,2024-01-09 11:09:53.276073
Token Check,2024-01-09 11:09:53.285049
Token Check,2024-01-09 11:09:53.292052
Token Check,2024-01-09 11:09:53.298013
Token Check,2024-01-09 11:09:53.302918
Outdated Token,2024-01-09 11:10:53.243802
Token Check,2024-01-09 11:10:53.252779
Token Check,2024-01-09 11:10:53.276717
Token Check,2024-01-09 11:10:53.290677
Token Check,2024-01-09 11:10:53.297658
Token Check,2024-01-09 11:10:53.304640
Token Check,2024-01-09 11:10:53.313419
Token Check,2024-01-09 11:10:53.319403
Token Check,2024-01-09 11:10:53.326383
Outdated Token,2024-01-09 11:11:53.247142
Token Check,2024-01-09 11:11:53.256542
Token Check,2024-01-09 11:11:53.271501
Token Check,2024-01-09 11:11:53.289361
Token Check,2024-01-09 11:11:53.297338
Token Check,2024-01-09 11:11:53.304424
Token Check,2024-01-09 11:11:53.315460
Token Check,2024-01-09 11:11:53.320533
Token Check,2024-01-09 11:11:53.327512
Outdated Token,2024-01-09 11:12:53.261420
Token Check,2024-01-09 11:12:53.271079
Token Check,2024-01-09 11:12:53.292053
Token Check,2024-01-09 11:12:53.299004
Token Check,2024-01-09 11:12:53.305984
Token Check,2024-01-09 11:12:53.312964
Token Check,2024-01-09 11:12:53.317953
Token Check,2024-01-09 11:12:53.322939
Token Check,2024-01-09 11:12:53.327923
Outdated Token,2024-01-09 11:13:53.265022
Token Check,2024-01-09 11:13:53.268013
Token Check,2024-01-09 11:13:53.287101
Token Check,2024-01-09 11:13:53.298073
Token Check,2024-01-09 11:13:53.304057
Token Check,2024-01-09 11:13:53.312038
Token Check,2024-01-09 11:13:53.318019
Token Check,2024-01-09 11:13:53.325000
Token Check,2024-01-09 11:13:53.335225
Outdated Token,2024-01-09 11:14:53.277523
Token Check,2024-01-09 11:14:53.286845
Token Check,2024-01-09 11:14:53.328448
Token Check,2024-01-09 11:14:53.335742
Token Check,2024-01-09 11:14:53.343722
Token Check,2024-01-09 11:14:53.349078
Token Check,2024-01-09 11:14:53.355903
Token Check,2024-01-09 11:14:53.364878
Token Check,2024-01-09 11:14:53.373050
Authentification,2024-01-09 11:15:09.560765
Token Creation,2024-01-09 11:15:09.564756
Add client IP,2024-01-09 11:15:09.574729
Outdated Token,2024-01-09 11:15:53.292345
Token Check,2024-01-09 11:15:53.302319
Token Check,2024-01-09 11:15:53.311299
Token Check,2024-01-09 11:15:53.318274
Token Check,2024-01-09 11:15:53.323260
Token Check,2024-01-09 11:15:53.328247
Token Check,2024-01-09 11:15:53.334231
Token Check,2024-01-09 11:15:53.339218
Token Check,2024-01-09 11:15:53.344208
Token Check,2024-01-09 11:15:53.349195
Authentification,2024-01-09 11:16:46.301461
Token Creation,2024-01-09 11:16:46.306462
Add client IP,2024-01-09 11:16:46.316157
Outdated Token,2024-01-09 11:16:53.307840
Token Check,2024-01-09 11:16:53.320176
Token Check,2024-01-09 11:16:53.333043
Token Check,2024-01-09 11:16:53.345011
Token Check,2024-01-09 11:16:53.352896
Token Check,2024-01-09 11:16:53.359665
Token Check,2024-01-09 11:16:53.366980
Token Check,2024-01-09 11:16:53.375954
Token Check,2024-01-09 11:16:53.380940
Token Check,2024-01-09 11:16:53.386193
Token Check,2024-01-09 11:16:53.389831
Outdated Token,2024-01-09 11:17:53.314750
Token Check,2024-01-09 11:17:53.323719
Token Check,2024-01-09 11:17:53.339957
Token Check,2024-01-09 11:17:53.348595
Token Check,2024-01-09 11:17:53.355048
Token Check,2024-01-09 11:17:53.363703
Token Check,2024-01-09 11:17:53.369973
Token Check,2024-01-09 11:17:53.376308
Token Check,2024-01-09 11:17:53.380903
Token Check,2024-01-09 11:17:53.385610
Token Check,2024-01-09 11:17:53.388844
Authentification,2024-01-09 11:17:56.039769
Token Creation,2024-01-09 11:17:56.043436
Add client IP,2024-01-09 11:17:56.053089
Authentification,2024-01-09 11:18:07.628127
Token Creation,2024-01-09 11:18:07.634176
Add client IP,2024-01-09 11:18:07.645149
Outdated Token,2024-01-09 11:18:53.327189
Token Check,2024-01-09 11:18:53.341248
Token Check,2024-01-09 11:18:53.350835
Token Check,2024-01-09 11:18:53.357823
Token Check,2024-01-09 11:18:53.365801
Token Check,2024-01-09 11:18:53.373619
Token Check,2024-01-09 11:18:53.385586
Token Check,2024-01-09 11:18:53.390574
Token Check,2024-01-09 11:18:53.395559
Token Check,2024-01-09 11:18:53.399678
Token Check,2024-01-09 11:18:53.404012
Token Check,2024-01-09 11:18:53.408662
Token Check,2024-01-09 11:18:53.415384
Outdated Token,2024-01-09 11:19:53.342010
Token Check,2024-01-09 11:19:53.351973
Token Check,2024-01-09 11:19:53.367592
Token Check,2024-01-09 11:19:53.378913
Token Check,2024-01-09 11:19:53.385893
Token Check,2024-01-09 11:19:53.392593
Token Check,2024-01-09 11:19:53.400067
Token Check,2024-01-09 11:19:53.406803
Token Check,2024-01-09 11:19:53.411150
Token Check,2024-01-09 11:19:53.416013
Token Check,2024-01-09 11:19:53.420385
Token Check,2024-01-09 11:19:53.425372
Token Check,2024-01-09 11:19:53.430356
Outdated Token,2024-01-09 11:20:53.344057
Token Check,2024-01-09 11:20:53.353033
Token Check,2024-01-09 11:20:53.369513
Token Check,2024-01-09 11:20:53.381477
Token Check,2024-01-09 11:20:53.396438
Token Check,2024-01-09 11:20:53.407409
Token Check,2024-01-09 11:20:53.413396
Token Check,2024-01-09 11:20:53.417516
Token Check,2024-01-09 11:20:53.420941
Token Check,2024-01-09 11:20:53.425086
Token Check,2024-01-09 11:20:53.440048
Token Check,2024-01-09 11:20:53.447028
Token Check,2024-01-09 11:20:53.453011
Outdated Token,2024-01-09 11:21:53.355621
Token Check,2024-01-09 11:21:53.363600
Token Check,2024-01-09 11:21:53.375561
Token Check,2024-01-09 11:21:53.381545
Token Check,2024-01-09 11:21:53.390520
Token Check,2024-01-09 11:21:53.399497
Token Check,2024-01-09 11:21:53.405503
Token Check,2024-01-09 11:21:53.413460
Token Check,2024-01-09 11:21:53.420440
Token Check,2024-01-09 11:21:53.427422
Token Check,2024-01-09 11:21:53.432407
Token Check,2024-01-09 11:21:53.456345
Token Check,2024-01-09 11:21:53.462330
Authentification,2024-01-09 11:21:55.171871
Token Creation,2024-01-09 11:21:55.174863
Add client IP,2024-01-09 11:21:55.188669
Outdated Token,2024-01-09 11:22:53.363428
Token Check,2024-01-09 11:22:53.378806
Token Check,2024-01-09 11:22:53.391775
Token Check,2024-01-09 11:22:53.405741
Token Check,2024-01-09 11:22:53.417172
Token Check,2024-01-09 11:22:53.423405
Token Check,2024-01-09 11:22:53.432875
Token Check,2024-01-09 11:22:53.439092
Token Check,2024-01-09 11:22:53.444084
Token Check,2024-01-09 11:22:53.449065
Token Check,2024-01-09 11:22:53.453573
Token Check,2024-01-09 11:22:53.458562
Token Check,2024-01-09 11:22:53.463549
Token Check,2024-01-09 11:22:53.467538
Outdated Token,2024-01-09 11:23:53.366558
Token Check,2024-01-09 11:23:53.369342
Token Check,2024-01-09 11:23:53.374067
Token Check,2024-01-09 11:23:53.379260
Token Check,2024-01-09 11:23:53.383798
Token Check,2024-01-09 11:23:53.391060
Token Check,2024-01-09 11:23:53.396720
Token Check,2024-01-09 11:23:53.400435
Token Check,2024-01-09 11:23:53.403856
Token Check,2024-01-09 11:23:53.408646
Token Check,2024-01-09 11:23:53.412529
Token Check,2024-01-09 11:23:53.417513
Token Check,2024-01-09 11:23:53.422603
Token Check,2024-01-09 11:23:53.426255
Authentification,2024-01-09 11:23:59.678336
Token Creation,2024-01-09 11:23:59.991454
Add client IP,2024-01-09 11:24:00.288660
Outdated Token,2024-01-09 11:24:53.480108
Token Check,2024-01-09 11:24:53.714480
Token Check,2024-01-09 11:24:54.027840
Token Check,2024-01-09 11:24:54.356963
Token Check,2024-01-09 11:24:54.640655
Token Check,2024-01-09 11:24:54.969865
Token Check,2024-01-09 11:24:55.298326
Token Check,2024-01-09 11:24:55.596901
Token Check,2024-01-09 11:24:55.896106
Token Check,2024-01-09 11:24:56.146398
Token Check,2024-01-09 11:24:56.460684
Token Check,2024-01-09 11:24:56.743617
Token Check,2024-01-09 11:24:57.011427
Token Check,2024-01-09 11:24:57.215306
Token Check,2024-01-09 11:24:57.530114
Outdated Token,2024-01-09 11:25:53.540283
Token Check,2024-01-09 11:25:53.791028
Token Check,2024-01-09 11:25:54.104354
Token Check,2024-01-09 11:25:54.419744
Token Check,2024-01-09 11:25:54.749864
Token Check,2024-01-09 11:25:55.048303
Token Check,2024-01-09 11:25:55.330940
Token Check,2024-01-09 11:25:55.645196
Token Check,2024-01-09 11:25:55.992431
Token Check,2024-01-09 11:25:56.322780
Token Check,2024-01-09 11:25:56.638034
Token Check,2024-01-09 11:25:57.015347
Token Check,2024-01-09 11:25:57.219790
Token Check,2024-01-09 11:25:57.581363
Token Check,2024-01-09 11:25:57.864796
Outdated Token,2024-01-09 11:26:53.567664
Token Check,2024-01-09 11:26:53.803071
Token Check,2024-01-09 11:26:54.117631
Token Check,2024-01-09 11:26:54.431753
Token Check,2024-01-09 11:26:54.714183
Token Check,2024-01-09 11:26:55.010626
Token Check,2024-01-09 11:26:55.356370
Token Check,2024-01-09 11:26:55.671529
Token Check,2024-01-09 11:26:56.015738
Token Check,2024-01-09 11:26:56.313940
Token Check,2024-01-09 11:26:56.627288
Token Check,2024-01-09 11:26:56.893718
Token Check,2024-01-09 11:26:57.208305
Token Check,2024-01-09 11:26:57.522599
Token Check,2024-01-09 11:26:57.899034
Outdated Token,2024-01-09 11:27:53.657757
Token Check,2024-01-09 11:27:53.940117
Token Check,2024-01-09 11:27:54.252697
Token Check,2024-01-09 11:27:54.628648
Token Check,2024-01-09 11:27:54.895256
Token Check,2024-01-09 11:27:55.209990
Token Check,2024-01-09 11:27:57.059849
Token Check,2024-01-09 11:27:57.421170
Token Check,2024-01-09 11:27:57.703384
Token Check,2024-01-09 11:27:58.017664
Token Check,2024-01-09 11:27:58.347820
Token Check,2024-01-09 11:27:58.662527
Token Check,2024-01-09 11:27:58.944931
Token Check,2024-01-09 11:27:59.275227
Token Check,2024-01-09 11:27:59.588353
Outdated Token,2024-01-09 11:28:53.666585
Token Check,2024-01-09 11:28:53.996180
Token Check,2024-01-09 11:28:54.262566
Token Check,2024-01-09 11:28:54.563251
Token Check,2024-01-09 11:28:54.859899
Token Check,2024-01-09 11:28:55.221153
Token Check,2024-01-09 11:28:55.502443
Token Check,2024-01-09 11:28:55.768688
Token Check,2024-01-09 11:28:56.144925
Token Check,2024-01-09 11:28:56.506993
Token Check,2024-01-09 11:28:56.853030
Token Check,2024-01-09 11:28:57.119403
Token Check,2024-01-09 11:28:57.400688
Token Check,2024-01-09 11:28:57.699005
Token Check,2024-01-09 11:28:58.168926
Outdated Token,2024-01-09 11:29:53.707846
Token Check,2024-01-09 11:29:53.942482
Token Check,2024-01-09 11:29:54.254876
Token Check,2024-01-09 11:29:54.553476
Token Check,2024-01-09 11:29:54.899748
Token Check,2024-01-09 11:29:55.195957
Token Check,2024-01-09 11:29:55.524336
Token Check,2024-01-09 11:29:55.854976
Token Check,2024-01-09 11:29:56.215137
Token Check,2024-01-09 11:29:56.514814
Token Check,2024-01-09 11:29:56.859267
Token Check,2024-01-09 11:29:57.172697
Token Check,2024-01-09 11:29:57.469198
Token Check,2024-01-09 11:29:57.766930
Token Check,2024-01-09 11:29:58.065361
Outdated Token,2024-01-09 11:30:53.745931
Token Check,2024-01-09 11:30:53.996441
Token Check,2024-01-09 11:30:54.278684
Token Check,2024-01-09 11:30:54.624033
Token Check,2024-01-09 11:30:54.875879
Token Check,2024-01-09 11:30:55.221322
Token Check,2024-01-09 11:30:55.550873
Token Check,2024-01-09 11:30:55.881030
Token Check,2024-01-09 11:30:56.195589
Token Check,2024-01-09 11:30:56.508041
Token Check,2024-01-09 11:30:56.821460
Token Check,2024-01-09 11:30:57.104657
Token Check,2024-01-09 11:30:57.417912
Token Check,2024-01-09 11:30:57.714611
Token Check,2024-01-09 11:30:57.997307
Outdated Token,2024-01-09 11:31:53.807916
Token Check,2024-01-09 11:31:54.073206
Token Check,2024-01-09 11:31:54.434773
Token Check,2024-01-09 11:31:54.765000
Token Check,2024-01-09 11:31:55.125172
Token Check,2024-01-09 11:31:55.439488
Token Check,2024-01-09 11:31:55.735697
Token Check,2024-01-09 11:31:56.034094
Token Check,2024-01-09 11:31:56.347255
Token Check,2024-01-09 11:31:56.598584
Token Check,2024-01-09 11:31:56.959880
Token Check,2024-01-09 11:31:58.155670
Token Check,2024-01-09 11:31:58.450323
Token Check,2024-01-09 11:31:58.811204
Token Check,2024-01-09 11:31:59.126167
Outdated Token,2024-01-09 11:32:53.807288
Token Check,2024-01-09 11:32:54.057247
Token Check,2024-01-09 11:32:54.386416
Token Check,2024-01-09 11:32:54.715003
Token Check,2024-01-09 11:32:55.076953
Token Check,2024-01-09 11:32:55.359575
Token Check,2024-01-09 11:32:55.610134
Token Check,2024-01-09 11:32:55.970988
Token Check,2024-01-09 11:32:56.238938
Token Check,2024-01-09 11:32:56.568567
Token Check,2024-01-09 11:32:56.883443
Token Check,2024-01-09 11:32:57.180167
Token Check,2024-01-09 11:32:57.463202
Token Check,2024-01-09 11:32:57.745719
Token Check,2024-01-09 11:32:58.059479
Outdated Token,2024-01-09 11:33:53.866826
Token Check,2024-01-09 11:33:54.241650
Token Check,2024-01-09 11:33:54.509584
Token Check,2024-01-09 11:33:54.824718
Token Check,2024-01-09 11:33:55.202656
Token Check,2024-01-09 11:33:55.580486
Token Check,2024-01-09 11:33:55.910296
Token Check,2024-01-09 11:33:56.224150
Token Check,2024-01-09 11:33:56.631805
Token Check,2024-01-09 11:33:56.947385
Token Check,2024-01-09 11:33:57.199996
Token Check,2024-01-09 11:33:57.639340
Token Check,2024-01-09 11:33:57.907623
Token Check,2024-01-09 11:33:58.207017
Token Check,2024-01-09 11:33:58.521101
Outdated Token,2024-01-09 11:34:53.899412
Token Check,2024-01-09 11:34:54.213059
Token Check,2024-01-09 11:34:54.480507
Token Check,2024-01-09 11:34:54.795788
Token Check,2024-01-09 11:34:55.109734
Token Check,2024-01-09 11:34:55.406796
Token Check,2024-01-09 11:34:55.688684
Token Check,2024-01-09 11:34:55.955189
Token Check,2024-01-09 11:34:56.206980
Token Check,2024-01-09 11:34:56.506122
Token Check,2024-01-09 11:34:56.787162
Token Check,2024-01-09 11:34:57.103275
Token Check,2024-01-09 11:34:57.416380
Token Check,2024-01-09 11:34:57.699423
Token Check,2024-01-09 11:34:58.044477
Outdated Token,2024-01-09 11:35:54.185484
Token Check,2024-01-09 11:35:54.348488
Token Check,2024-01-09 11:35:54.464320
Token Check,2024-01-09 11:35:54.690700
Token Check,2024-01-09 11:35:54.807814
Token Check,2024-01-09 11:35:54.870073
Token Check,2024-01-09 11:35:55.136472
Token Check,2024-01-09 11:35:55.471565
Token Check,2024-01-09 11:35:55.593393
Token Check,2024-01-09 11:35:55.891202
Token Check,2024-01-09 11:35:56.157613
Token Check,2024-01-09 11:35:56.470106
Token Check,2024-01-09 11:35:56.785720
Token Check,2024-01-09 11:35:57.068964
Token Check,2024-01-09 11:35:57.384428
Outdated Token,2024-01-09 11:36:54.161535
Token Check,2024-01-09 11:36:54.303402
Token Check,2024-01-09 11:36:55.871441
Token Check,2024-01-09 11:36:56.231593
Token Check,2024-01-09 11:36:56.609547
Token Check,2024-01-09 11:36:56.892877
Token Check,2024-01-09 11:36:57.222160
Token Check,2024-01-09 11:36:57.537574
Token Check,2024-01-09 11:36:57.897006
Token Check,2024-01-09 11:36:58.179727
Token Check,2024-01-09 11:36:58.492243
Token Check,2024-01-09 11:36:58.743839
Token Check,2024-01-09 11:36:59.087403
Token Check,2024-01-09 11:36:59.340700
Token Check,2024-01-09 11:36:59.577107
Outdated Token,2024-01-09 11:37:54.218563
Token Check,2024-01-09 11:37:54.408092
Token Check,2024-01-09 11:37:54.724208
Token Check,2024-01-09 11:37:55.069973
Token Check,2024-01-09 11:37:55.430077
Token Check,2024-01-09 11:37:55.712951
Token Check,2024-01-09 11:37:55.964431
Token Check,2024-01-09 11:37:56.280188
Token Check,2024-01-09 11:37:56.530261
Token Check,2024-01-09 11:37:56.783847
Token Check,2024-01-09 11:37:57.035175
Token Check,2024-01-09 11:37:57.412339
Token Check,2024-01-09 11:37:57.756555
Token Check,2024-01-09 11:37:58.006852
Token Check,2024-01-09 11:37:58.256933
Outdated Token,2024-01-09 11:38:54.265344
Token Check,2024-01-09 11:38:54.470092
Token Check,2024-01-09 11:38:54.784349
Token Check,2024-01-09 11:38:55.114584
Token Check,2024-01-09 11:38:55.429140
Token Check,2024-01-09 11:38:55.681596
Token Check,2024-01-09 11:38:56.012106
Token Check,2024-01-09 11:38:56.387821
Token Check,2024-01-09 11:38:56.716172
Token Check,2024-01-09 11:38:57.045932
Token Check,2024-01-09 11:38:57.328177
Token Check,2024-01-09 11:38:57.751264
Token Check,2024-01-09 11:38:57.940758
Token Check,2024-01-09 11:38:58.267919
Token Check,2024-01-09 11:38:58.549620
Outdated Token,2024-01-09 11:39:54.321612
Token Check,2024-01-09 11:39:54.572210
Token Check,2024-01-09 11:39:54.855760
Token Check,2024-01-09 11:39:55.169169
Token Check,2024-01-09 11:39:55.545557
Token Check,2024-01-09 11:39:55.859017
Token Check,2024-01-09 11:39:56.188174
Token Check,2024-01-09 11:39:56.471378
Token Check,2024-01-09 11:39:56.738919
Token Check,2024-01-09 11:39:57.100432
Token Check,2024-01-09 11:39:57.398797
Token Check,2024-01-09 11:39:57.664204
Token Check,2024-01-09 11:39:57.900758
Token Check,2024-01-09 11:39:58.198328
Token Check,2024-01-09 11:39:58.480681
Outdated Token,2024-01-09 11:40:54.345797
Token Check,2024-01-09 11:40:54.533599
Token Check,2024-01-09 11:40:54.849020
Token Check,2024-01-09 11:40:55.098740
Token Check,2024-01-09 11:40:55.351370
Token Check,2024-01-09 11:40:55.681487
Token Check,2024-01-09 11:40:55.965726
Token Check,2024-01-09 11:40:57.612582
Token Check,2024-01-09 11:40:57.879169
Token Check,2024-01-09 11:40:58.130722
Token Check,2024-01-09 11:40:58.407263
Token Check,2024-01-09 11:40:58.799620
Token Check,2024-01-09 11:40:59.115250
Token Check,2024-01-09 11:40:59.381004
Token Check,2024-01-09 11:40:59.634325
Outdated Token,2024-01-09 11:41:54.384304
Token Check,2024-01-09 11:41:54.635067
Token Check,2024-01-09 11:41:54.947457
Token Check,2024-01-09 11:41:55.201157
Token Check,2024-01-09 11:41:55.405612
Token Check,2024-01-09 11:41:55.677537
Token Check,2024-01-09 11:41:55.725409
Token Check,2024-01-09 11:41:55.861204
Token Check,2024-01-09 11:41:56.051694
Token Check,2024-01-09 11:41:56.320429
Token Check,2024-01-09 11:41:56.588307
Token Check,2024-01-09 11:41:56.869453
Token Check,2024-01-09 11:41:57.184468
Token Check,2024-01-09 11:41:57.497464
Token Check,2024-01-09 11:41:57.812628
Outdated Token,2024-01-09 11:42:54.407948
Token Check,2024-01-09 11:42:54.643845
Token Check,2024-01-09 11:42:55.004839
Token Check,2024-01-09 11:42:55.319661
Token Check,2024-01-09 11:42:55.680637
Token Check,2024-01-09 11:42:55.932517
Token Check,2024-01-09 11:42:56.233256
Token Check,2024-01-09 11:42:56.562642
Token Check,2024-01-09 11:42:56.924673
Token Check,2024-01-09 11:42:57.221879
Token Check,2024-01-09 11:42:57.567951
Token Check,2024-01-09 11:42:57.897263
Token Check,2024-01-09 11:42:58.289508
Token Check,2024-01-09 11:42:58.589546
Token Check,2024-01-09 11:42:58.948254
Outdated Token,2024-01-09 11:43:54.469348
Token Check,2024-01-09 11:43:54.688762
Token Check,2024-01-09 11:43:54.956775
Token Check,2024-01-09 11:43:55.349970
Token Check,2024-01-09 11:43:55.711058
Token Check,2024-01-09 11:43:55.979797
Token Check,2024-01-09 11:43:56.310563
Token Check,2024-01-09 11:43:56.640298
Token Check,2024-01-09 11:43:56.891325
Token Check,2024-01-09 11:43:57.147191
Token Check,2024-01-09 11:43:57.400088
Token Check,2024-01-09 11:43:57.656881
Token Check,2024-01-09 11:43:57.890984
Token Check,2024-01-09 11:43:58.222756
Token Check,2024-01-09 11:43:58.399399
Outdated Token,2024-01-15 10:54:07.791730
Token Check,2024-01-15 10:54:07.828458
Token Check,2024-01-15 10:54:07.868350
Token Check,2024-01-15 10:54:07.909237
Token Check,2024-01-15 10:54:07.943144
Token Check,2024-01-15 10:54:07.972066
Token Check,2024-01-15 10:54:07.999989
Token Check,2024-01-15 10:54:08.033977
Token Check,2024-01-15 10:54:08.064661
Token Check,2024-01-15 10:54:08.106715
Token Check,2024-01-15 10:54:08.139341
Token Check,2024-01-15 10:54:08.174957
Token Check,2024-01-15 10:54:08.214029
Token Check,2024-01-15 10:54:08.249695
Token Check,2024-01-15 10:54:08.287250
Outdated Token,2024-01-15 10:59:08.231467
Outdated Token,2024-01-15 11:00:08.239771
Outdated Token,2024-01-15 12:53:19.678647
Outdated Token,2024-01-15 12:54:19.701077
Outdated Token,2024-01-15 12:55:19.707399
Outdated Token,2024-01-15 12:56:19.709111
Outdated Token,2024-01-15 13:01:40.804850
Outdated Token,2024-01-15 13:04:02.328193
Outdated Token,2024-01-15 15:52:39.054570
Outdated Token,2024-01-15 15:57:54.383143
Outdated Token,2024-01-15 15:58:54.406283
